<?xml version="1.0" encoding="UTF-8"?>
<dataroot>
    <qryEngineers>
        <FullName>Ben Sahlberg</FullName>
        <WorkForce>BSAHLBER</WorkForce>
        <UserName>ben.sahlberg</UserName>
        <Email>bsahlberg@virainsight.com</Email>
    </qryEngineers>
    <qryEngineers>
        <FullName>Chris Dault</FullName>
        <WorkForce>CDAULT</WorkForce>
        <UserName>cdault</UserName>
        <Email>cdault@virainsight.com</Email>
    </qryEngineers>
    <qryEngineers>
        <FullName>Chris Weir</FullName>
        <WorkForce>CWEIR</WorkForce>
        <UserName>Cweir</UserName>
        <Email>cweir@virainsight.com</Email>
    </qryEngineers>
    <qryEngineers>
        <FullName>Christine Nguyen</FullName>
        <WorkForce>CNGUYEN</WorkForce>
        <UserName>cnguyen</UserName>
        <Email>cnguyen@virainsight.com</Email>
    </qryEngineers>
    <qryEngineers>
        <FullName>House Account</FullName>
        <WorkForce>HOUSE</WorkForce>
        <UserName>jmercer</UserName>
        <Email>jmercer@virainsight.com</Email>
    </qryEngineers>
    <qryEngineers>
        <FullName>Jeffrey Bailey</FullName>
        <WorkForce>JBAILEY</WorkForce>
        <UserName>jbailey</UserName>
        <Email>jbailey@virainsight.com</Email>
    </qryEngineers>
    <qryEngineers>
        <FullName>Jerry Norcross</FullName>
        <WorkForce>JNORCROS</WorkForce>
        <UserName>Jnorcross</UserName>
        <Email>jnorcross@virainsight.com</Email>
    </qryEngineers>
    <qryEngineers>
        <FullName>Jim Waalkes</FullName>
        <WorkForce>JWAALKES</WorkForce>
        <UserName>jwaalkes</UserName>
        <Email>jwaalkes@virainsight.com</Email>
    </qryEngineers>
    <qryEngineers>
        <FullName>Johnny Wong</FullName>
        <WorkForce>JWONG</WorkForce>
        <UserName>jwong</UserName>
        <Email>jwong@virainsight.com</Email>
    </qryEngineers>
    <qryEngineers>
        <FullName>Johnson Liu</FullName>
        <WorkForce>JLIU</WorkForce>
        <UserName>jliu</UserName>
        <Email>jliu@virainsight.cn</Email>
    </qryEngineers>
    <qryEngineers>
        <FullName>Madison Hansen</FullName>
        <WorkForce>MHANSEN</WorkForce>
        <UserName>mhansen</UserName>
        <Email>mhansen@virainsight.com</Email>
    </qryEngineers>
    <qryEngineers>
        <FullName>Matthew Goebel</FullName>
        <WorkForce>MGOEBEL</WorkForce>
        <UserName>mgoebel</UserName>
        <Email>mgoebel@virainsight.com</Email>
    </qryEngineers>
    <qryEngineers>
        <FullName>Matt Rauschenberger</FullName>
        <WorkForce>1506</WorkForce>
        <UserName>Mrauschenberger</UserName>
        <Email>mrauschenberger@virainsight.com</Email>
    </qryEngineers>
</dataroot>
